{
  "node_pairs": [
    {
      "pair_name": "amd_18_76",
      "src_ip": "10.1.18.76",
      "dst_ip": "10.1.18.75",
      "direction": "10.1.18.76->10.1.18.75"
    }
  ],
  "total_sessions": 477,
  "matched_sessions": 432,
  "outgoing_only": 34,
  "incoming_only": 11,
  "overall_analysis": {
    "total_valid_sessions": 477,
    "sessions_with_latency": 477,
    "latency_distribution": {
      "0-10ms": 52,
      "100-500ms": 111,
      "3000-60000ms": 35,
      "1000-3000ms": 111,
      "500-1000ms": 108,
      "10-100ms": 53,
      ">60000ms": 7
    },
    "latency_distribution_above_10ms": {
      "100-500ms": 111,
      "3000-60000ms": 35,
      "1000-3000ms": 111,
      "500-1000ms": 108,
      "10-100ms": 53,
      ">60000ms": 7
    },
    "stage_distribution": {
      "INCOMING_Path1_5->6": 423,
      "Path1_5->6": 2
    },
    "latency_statistics": {
      "count": 477,
      "mean": 42719125.592431866,
      "median": 608253.074,
      "min": 8.356,
      "max": 2846687615.714,
      "std": 342530873.7968833,
      "p95": 3954010.518,
      "p99": 2846413359.549
    },
    "range_percentages": {
      "0-10ms": 10.90146750524109,
      "100-500ms": 23.270440251572328,
      "3000-60000ms": 7.337526205450734,
      "1000-3000ms": 23.270440251572328,
      "500-1000ms": 22.641509433962266,
      "10-100ms": 11.11111111111111,
      ">60000ms": 1.4675052410901468
    },
    "stage_percentages": {
      "INCOMING_Path1_5->6": 99.52941176470588,
      "Path1_5->6": 0.4705882352941176
    },
    "range_percentages_above_10ms": {
      "100-500ms": 26.11764705882353,
      "3000-60000ms": 8.235294117647058,
      "1000-3000ms": 26.11764705882353,
      "500-1000ms": 25.41176470588235,
      "10-100ms": 12.470588235294118,
      ">60000ms": 1.647058823529412
    }
  },
  "dropped_sessions_analysis": {
    "total_dropped_sessions": 0,
    "stage_distribution": {},
    "drop_reason_distribution": {}
  },
  "pair_analysis": {
    "amd_18_76": {
      "total_sessions": 477,
      "latency_distribution": {
        "0-10ms": 52,
        "100-500ms": 111,
        "3000-60000ms": 35,
        "1000-3000ms": 111,
        "500-1000ms": 108,
        "10-100ms": 53,
        ">60000ms": 7
      },
      "latency_distribution_above_10ms": {
        "100-500ms": 111,
        "3000-60000ms": 35,
        "1000-3000ms": 111,
        "500-1000ms": 108,
        "10-100ms": 53,
        ">60000ms": 7
      },
      "stage_distribution": {
        "INCOMING_Path1_5->6": 423,
        "Path1_5->6": 2
      },
      "latency_statistics": {
        "count": 477,
        "mean": 42719125.592431866,
        "median": 608253.074,
        "min": 8.356,
        "max": 2846687615.714,
        "std": 342530873.7968833,
        "p95": 3954010.518,
        "p99": 2846413359.549
      }
    }
  }
}