{
  "node_pairs": [
    {
      "pair_name": "hygon_95_96",
      "src_ip": "10.0.19.95",
      "dst_ip": "10.0.19.96",
      "direction": "10.0.19.95->10.0.19.96"
    }
  ],
  "total_sessions": 8585,
  "matched_sessions": 1745,
  "outgoing_only": 4375,
  "incoming_only": 2465,
  "overall_analysis": {
    "total_valid_sessions": 8585,
    "sessions_with_latency": 8584,
    "latency_distribution": {
      "0-10ms": 6915,
      "500-1000ms": 173,
      "100-500ms": 338,
      "10-100ms": 261,
      "3000-60000ms": 555,
      "1000-3000ms": 342
    },
    "latency_distribution_above_10ms": {
      "500-1000ms": 173,
      "100-500ms": 338,
      "10-100ms": 261,
      "3000-60000ms": 555,
      "1000-3000ms": 342
    },
    "stage_distribution": {
      "INCOMING_Path1_3->4": 6,
      "INCOMING_Path1_5->6": 528,
      "OUTGOING_Path2_12->13": 118,
      "Path2_12->13": 600,
      "Path1_5->6": 417
    },
    "latency_statistics": {
      "count": 8584,
      "mean": 719285.2711796366,
      "median": 817.1755,
      "min": 46.267,
      "max": 51320519.174,
      "std": 3569388.667822239,
      "p95": 3699844.482,
      "p99": 16002459.721
    },
    "range_percentages": {
      "0-10ms": 80.55684995340168,
      "500-1000ms": 2.015377446411929,
      "100-500ms": 3.937558247903075,
      "10-100ms": 3.040540540540541,
      "3000-60000ms": 6.4655172413793105,
      "1000-3000ms": 3.9841565703634667
    },
    "stage_percentages": {
      "INCOMING_Path1_3->4": 0.35949670461354105,
      "INCOMING_Path1_5->6": 31.635710005991612,
      "OUTGOING_Path2_12->13": 7.070101857399641,
      "Path2_12->13": 35.9496704613541,
      "Path1_5->6": 24.985020970641102
    },
    "range_percentages_above_10ms": {
      "500-1000ms": 10.365488316357101,
      "100-500ms": 20.25164769322948,
      "10-100ms": 15.638106650689036,
      "3000-60000ms": 33.25344517675254,
      "1000-3000ms": 20.491312162971838
    }
  },
  "dropped_sessions_analysis": {
    "total_dropped_sessions": 0,
    "stage_distribution": {},
    "drop_reason_distribution": {}
  },
  "pair_analysis": {
    "hygon_95_96": {
      "total_sessions": 8584,
      "latency_distribution": {
        "0-10ms": 6915,
        "500-1000ms": 173,
        "100-500ms": 338,
        "10-100ms": 261,
        "3000-60000ms": 555,
        "1000-3000ms": 342
      },
      "latency_distribution_above_10ms": {
        "500-1000ms": 173,
        "100-500ms": 338,
        "10-100ms": 261,
        "3000-60000ms": 555,
        "1000-3000ms": 342
      },
      "stage_distribution": {
        "INCOMING_Path1_3->4": 6,
        "INCOMING_Path1_5->6": 528,
        "OUTGOING_Path2_12->13": 118,
        "Path2_12->13": 600,
        "Path1_5->6": 417
      },
      "latency_statistics": {
        "count": 8584,
        "mean": 719285.2711796366,
        "median": 817.1755,
        "min": 46.267,
        "max": 51320519.174,
        "std": 3569388.667822239,
        "p95": 3699844.482,
        "p99": 16002459.721
      }
    }
  }
}